timestamp_utc,run_id,model_size,model,target,cpu_cores,workload,input_len,output_len,num_prompts,max_model_len,max_num_seqs,status,returncode,timed_out,benchmark_timeout_s,timeout_policy_applied,stop_reason,timeout_health_check,duration_s,validation_issues,bench_json,client_log,cpu_metrics,gpu_metrics,figure,client_command,requests_per_second,tokens_per_second,output_tokens_per_second,mean_ttft_ms,mean_tpot_ms,cpu_metric_rows,gpu_metric_rows,max_server_rss_gib,max_server_cpu_percent,max_system_cpu_percent,max_cpu_temp_c,max_powercap_package_power_w,max_gpu_fb_gib,max_gpu_sm_pct,max_gpu_mem_pct,max_gpu_power_w,max_gpu_temp_c,max_pcie_rx_mbps,max_pcie_tx_mbps,max_pcie_rx_tx_gib_s
2026-04-26T22:30:24.492770+00:00,small_cpu64_chatbot,small,Qwen/Qwen2.5-Coder-1.5B-Instruct,cpu,64,chatbot,512,128,8,8192,4,passed,0,False,300,True,completed_or_failed_before_timeout,,124.11517930030823,[],/users/LH/inference/real_runs/small/cpu_64/chatbot/results/bench_serve.json,/users/LH/inference/real_runs/small/cpu_64/chatbot/logs/bench_client.log,/users/LH/inference/real_runs/small/cpu_64/chatbot/metrics/cpu_metrics.csv,,/users/LH/inference/real_runs/small/cpu_64/chatbot/figures/small_cpu64_chatbot_timeline.png,"['taskset', '-c', '127', '/users/LH/inference/.venv-vllm-cpu-0102/bin/vllm', 'bench', 'serve', '--backend', 'vllm', '--host', '127.0.0.1', '--port', '18200', '--model', 'Qwen/Qwen2.5-Coder-1.5B-Instruct', '--served-model-name', 'small-cpu', '--tokenizer', 'Qwen/Qwen2.5-Coder-1.5B-Instruct', '--dataset-name', 'random', '--random-input-len', '512', '--random-output-len', '128', '--random-range-ratio', '0', '--num-prompts', '8', '--max-concurrency', '4', '--ignore-eos', '--save-result', '--result-dir', '/users/LH/inference/real_runs/small/cpu_64/chatbot/results', '--result-filename', 'bench_serve.json', '--metadata', 'max_model_len=8192']",0.12955090655601417,82.91258019584907,,2905.5871188752462,219.96942974606566,120,0,40.06226348876953,12442.83896502648,97.16484375000022,31.5,0,0.0,0,0,0,0,0,0,0.0
2026-04-26T22:34:34.594193+00:00,small_cpu64_code_generation,small,Qwen/Qwen2.5-Coder-1.5B-Instruct,cpu,64,code_generation,1024,256,8,8192,4,passed,0,False,300,True,completed_or_failed_before_timeout,,232.57941794395447,[],/users/LH/inference/real_runs/small/cpu_64/code_generation/results/bench_serve.json,/users/LH/inference/real_runs/small/cpu_64/code_generation/logs/bench_client.log,/users/LH/inference/real_runs/small/cpu_64/code_generation/metrics/cpu_metrics.csv,,/users/LH/inference/real_runs/small/cpu_64/code_generation/figures/small_cpu64_code_generation_timeline.png,"['taskset', '-c', '127', '/users/LH/inference/.venv-vllm-cpu-0102/bin/vllm', 'bench', 'serve', '--backend', 'vllm', '--host', '127.0.0.1', '--port', '18200', '--model', 'Qwen/Qwen2.5-Coder-1.5B-Instruct', '--served-model-name', 'small-cpu', '--tokenizer', 'Qwen/Qwen2.5-Coder-1.5B-Instruct', '--dataset-name', 'random', '--random-input-len', '1024', '--random-output-len', '256', '--random-range-ratio', '0', '--num-prompts', '8', '--max-concurrency', '4', '--ignore-eos', '--save-result', '--result-dir', '/users/LH/inference/real_runs/small/cpu_64/code_generation/results', '--result-filename', 'bench_serve.json', '--metadata', 'max_model_len=8192']",0.0679940606333353,87.03239761066916,,3008.966560875251,218.7684117485279,223,0,40.06676483154297,11817.897339222092,91.52421874999997,33.25,0,0.0,0,0,0,0,0,0,0.0
2026-04-26T22:39:04.974662+00:00,small_cpu64_long_conversation,small,Qwen/Qwen2.5-Coder-1.5B-Instruct,cpu,64,long_conversation,4096,256,4,8192,2,passed,0,False,300,True,completed_or_failed_before_timeout,,252.34654688835144,[],/users/LH/inference/real_runs/small/cpu_64/long_conversation/results/bench_serve.json,/users/LH/inference/real_runs/small/cpu_64/long_conversation/logs/bench_client.log,/users/LH/inference/real_runs/small/cpu_64/long_conversation/metrics/cpu_metrics.csv,,/users/LH/inference/real_runs/small/cpu_64/long_conversation/figures/small_cpu64_long_conversation_timeline.png,"['taskset', '-c', '127', '/users/LH/inference/.venv-vllm-cpu-0102/bin/vllm', 'bench', 'serve', '--backend', 'vllm', '--host', '127.0.0.1', '--port', '18200', '--model', 'Qwen/Qwen2.5-Coder-1.5B-Instruct', '--served-model-name', 'small-cpu', '--tokenizer', 'Qwen/Qwen2.5-Coder-1.5B-Instruct', '--dataset-name', 'random', '--random-input-len', '4096', '--random-output-len', '256', '--random-range-ratio', '0', '--num-prompts', '4', '--max-concurrency', '2', '--ignore-eos', '--save-result', '--result-dir', '/users/LH/inference/real_runs/small/cpu_64/long_conversation/results', '--result-filename', 'bench_serve.json', '--metadata', 'max_model_len=8192']",0.029766201936171136,129.54251082621678,,5363.544757999989,241.63844338627845,242,0,40.343467712402344,11969.010979611874,93.1585937499998,37.75,0,0.0,0,0,0,0,0,0,0.0
2026-04-26T22:40:34.973247+00:00,small_gpu_1_chatbot,small,Qwen/Qwen2.5-Coder-1.5B-Instruct,gpu_1,,chatbot,512,128,8,8192,4,passed,0,False,300,True,completed_or_failed_before_timeout,,11.779540538787842,[],/users/LH/inference/real_runs/small/gpu_1/chatbot/results/bench_serve.json,/users/LH/inference/real_runs/small/gpu_1/chatbot/logs/bench_client.log,/users/LH/inference/real_runs/small/gpu_1/chatbot/metrics/cpu_metrics.csv,/users/LH/inference/real_runs/small/gpu_1/chatbot/metrics/gpu_dmon.csv,/users/LH/inference/real_runs/small/gpu_1/chatbot/figures/small_gpu_1_chatbot_timeline.png,"['taskset', '-c', '127', '/users/LH/inference/.venv-vllm-gpu-0102/bin/vllm', 'bench', 'serve', '--backend', 'vllm', '--host', '127.0.0.1', '--port', '18201', '--model', 'Qwen/Qwen2.5-Coder-1.5B-Instruct', '--served-model-name', 'small-gpu_1', '--tokenizer', 'Qwen/Qwen2.5-Coder-1.5B-Instruct', '--dataset-name', 'random', '--random-input-len', '512', '--random-output-len', '128', '--random-range-ratio', '0', '--num-prompts', '8', '--max-concurrency', '4', '--ignore-eos', '--save-result', '--result-dir', '/users/LH/inference/real_runs/small/gpu_1/chatbot/results', '--result-filename', 'bench_serve.json', '--metadata', 'max_model_len=8192']",3.4476984112225058,2206.526983182404,,98.10830725018604,8.358519267711547,14,22,9.579898834228516,106.18134350376342,1.7882812499999972,26.5,0,26.263671875,89,51,149,31,42,8,0.048828125
2026-04-26T22:41:08.155937+00:00,small_gpu_1_code_generation,small,Qwen/Qwen2.5-Coder-1.5B-Instruct,gpu_1,,code_generation,1024,256,8,8192,4,passed,0,False,300,True,completed_or_failed_before_timeout,,15.134284496307373,[],/users/LH/inference/real_runs/small/gpu_1/code_generation/results/bench_serve.json,/users/LH/inference/real_runs/small/gpu_1/code_generation/logs/bench_client.log,/users/LH/inference/real_runs/small/gpu_1/code_generation/metrics/cpu_metrics.csv,/users/LH/inference/real_runs/small/gpu_1/code_generation/metrics/gpu_dmon.csv,/users/LH/inference/real_runs/small/gpu_1/code_generation/figures/small_gpu_1_code_generation_timeline.png,"['taskset', '-c', '127', '/users/LH/inference/.venv-vllm-gpu-0102/bin/vllm', 'bench', 'serve', '--backend', 'vllm', '--host', '127.0.0.1', '--port', '18201', '--model', 'Qwen/Qwen2.5-Coder-1.5B-Instruct', '--served-model-name', 'small-gpu_1', '--tokenizer', 'Qwen/Qwen2.5-Coder-1.5B-Instruct', '--dataset-name', 'random', '--random-input-len', '1024', '--random-output-len', '256', '--random-range-ratio', '0', '--num-prompts', '8', '--max-concurrency', '4', '--ignore-eos', '--save-result', '--result-dir', '/users/LH/inference/real_runs/small/gpu_1/code_generation/results', '--result-filename', 'bench_serve.json', '--metadata', 'max_model_len=8192']",1.7152008489177288,2195.457086614693,,187.80588100025852,8.40671426470662,17,28,9.585712432861328,108.35280012436942,1.00390625,26.75,0,26.46875,90,52,153,34,41,8,0.0478515625
2026-04-26T22:41:42.397960+00:00,small_gpu_1_long_conversation,small,Qwen/Qwen2.5-Coder-1.5B-Instruct,gpu_1,,long_conversation,4096,256,4,8192,2,passed,0,False,300,True,completed_or_failed_before_timeout,,15.733898878097534,[],/users/LH/inference/real_runs/small/gpu_1/long_conversation/results/bench_serve.json,/users/LH/inference/real_runs/small/gpu_1/long_conversation/logs/bench_client.log,/users/LH/inference/real_runs/small/gpu_1/long_conversation/metrics/cpu_metrics.csv,/users/LH/inference/real_runs/small/gpu_1/long_conversation/metrics/gpu_dmon.csv,/users/LH/inference/real_runs/small/gpu_1/long_conversation/figures/small_gpu_1_long_conversation_timeline.png,"['taskset', '-c', '127', '/users/LH/inference/.venv-vllm-gpu-0102/bin/vllm', 'bench', 'serve', '--backend', 'vllm', '--host', '127.0.0.1', '--port', '18201', '--model', 'Qwen/Qwen2.5-Coder-1.5B-Instruct', '--served-model-name', 'small-gpu_1', '--tokenizer', 'Qwen/Qwen2.5-Coder-1.5B-Instruct', '--dataset-name', 'random', '--random-input-len', '4096', '--random-output-len', '256', '--random-range-ratio', '0', '--num-prompts', '4', '--max-concurrency', '2', '--ignore-eos', '--save-result', '--result-dir', '/users/LH/inference/real_runs/small/gpu_1/long_conversation/results', '--result-filename', 'bench_serve.json', '--metadata', 'max_model_len=8192']",0.7858419599002242,3419.984209485776,,429.34508724920306,8.295268615684643,18,28,9.599388122558594,106.26148324603935,1.0234375,26.25,0,26.75390625,100,53,161,35,44,8,0.05078125
2026-04-26T22:43:28.044202+00:00,small_gpu_2_chatbot,small,Qwen/Qwen2.5-Coder-1.5B-Instruct,gpu_2,,chatbot,512,128,8,8192,4,passed,0,False,300,True,completed_or_failed_before_timeout,,11.728975296020508,[],/users/LH/inference/real_runs/small/gpu_2/chatbot/results/bench_serve.json,/users/LH/inference/real_runs/small/gpu_2/chatbot/logs/bench_client.log,/users/LH/inference/real_runs/small/gpu_2/chatbot/metrics/cpu_metrics.csv,/users/LH/inference/real_runs/small/gpu_2/chatbot/metrics/gpu_dmon.csv,/users/LH/inference/real_runs/small/gpu_2/chatbot/figures/small_gpu_2_chatbot_timeline.png,"['taskset', '-c', '127', '/users/LH/inference/.venv-vllm-gpu-0102/bin/vllm', 'bench', 'serve', '--backend', 'vllm', '--host', '127.0.0.1', '--port', '18202', '--model', 'Qwen/Qwen2.5-Coder-1.5B-Instruct', '--served-model-name', 'small-gpu_2', '--tokenizer', 'Qwen/Qwen2.5-Coder-1.5B-Instruct', '--dataset-name', 'random', '--random-input-len', '512', '--random-output-len', '128', '--random-range-ratio', '0', '--num-prompts', '8', '--max-concurrency', '4', '--ignore-eos', '--save-result', '--result-dir', '/users/LH/inference/real_runs/small/gpu_2/chatbot/results', '--result-filename', 'bench_serve.json', '--metadata', 'max_model_len=8192']",3.5647694341286007,2281.4524378423043,,103.31551949911955,8.018084612204108,14,23,18.423072814941406,95.67191257379491,0.9468750000000006,26.25,0,25.759765625,82,24,108,29,275,280,0.4638671875
2026-04-26T22:44:01.247391+00:00,small_gpu_2_code_generation,small,Qwen/Qwen2.5-Coder-1.5B-Instruct,gpu_2,,code_generation,1024,256,8,8192,4,passed,0,False,300,True,completed_or_failed_before_timeout,,14.732965230941772,[],/users/LH/inference/real_runs/small/gpu_2/code_generation/results/bench_serve.json,/users/LH/inference/real_runs/small/gpu_2/code_generation/logs/bench_client.log,/users/LH/inference/real_runs/small/gpu_2/code_generation/metrics/cpu_metrics.csv,/users/LH/inference/real_runs/small/gpu_2/code_generation/metrics/gpu_dmon.csv,/users/LH/inference/real_runs/small/gpu_2/code_generation/figures/small_gpu_2_code_generation_timeline.png,"['taskset', '-c', '127', '/users/LH/inference/.venv-vllm-gpu-0102/bin/vllm', 'bench', 'serve', '--backend', 'vllm', '--host', '127.0.0.1', '--port', '18202', '--model', 'Qwen/Qwen2.5-Coder-1.5B-Instruct', '--served-model-name', 'small-gpu_2', '--tokenizer', 'Qwen/Qwen2.5-Coder-1.5B-Instruct', '--dataset-name', 'random', '--random-input-len', '1024', '--random-output-len', '256', '--random-range-ratio', '0', '--num-prompts', '8', '--max-concurrency', '4', '--ignore-eos', '--save-result', '--result-dir', '/users/LH/inference/real_runs/small/gpu_2/code_generation/results', '--result-filename', 'bench_serve.json', '--metadata', 'max_model_len=8192']",1.806801606810023,2312.7060567168296,,179.91560112523075,7.973816575489693,17,28,18.42885971069336,105.36467960369859,1.0890624999999998,26.25,0,25.86328125,79,30,116,31,304,284,0.50390625
2026-04-26T22:44:34.433575+00:00,small_gpu_2_long_conversation,small,Qwen/Qwen2.5-Coder-1.5B-Instruct,gpu_2,,long_conversation,4096,256,4,8192,2,passed,0,False,300,True,completed_or_failed_before_timeout,,14.883183240890503,[],/users/LH/inference/real_runs/small/gpu_2/long_conversation/results/bench_serve.json,/users/LH/inference/real_runs/small/gpu_2/long_conversation/logs/bench_client.log,/users/LH/inference/real_runs/small/gpu_2/long_conversation/metrics/cpu_metrics.csv,/users/LH/inference/real_runs/small/gpu_2/long_conversation/metrics/gpu_dmon.csv,/users/LH/inference/real_runs/small/gpu_2/long_conversation/figures/small_gpu_2_long_conversation_timeline.png,"['taskset', '-c', '127', '/users/LH/inference/.venv-vllm-gpu-0102/bin/vllm', 'bench', 'serve', '--backend', 'vllm', '--host', '127.0.0.1', '--port', '18202', '--model', 'Qwen/Qwen2.5-Coder-1.5B-Instruct', '--served-model-name', 'small-gpu_2', '--tokenizer', 'Qwen/Qwen2.5-Coder-1.5B-Instruct', '--dataset-name', 'random', '--random-input-len', '4096', '--random-output-len', '256', '--random-range-ratio', '0', '--num-prompts', '4', '--max-concurrency', '2', '--ignore-eos', '--save-result', '--result-dir', '/users/LH/inference/real_runs/small/gpu_2/long_conversation/results', '--result-filename', 'bench_serve.json', '--metadata', 'max_model_len=8192']",0.8888682697129251,3868.35470979065,,373.3163192491702,7.358139412744825,17,28,18.442386627197266,166.26567696736603,1.459375,26.0,0,26.091796875,81,29,121,32,182,154,0.2939453125
